{"stats":{"minecraft:custom":{"minecraft:jump":45,"minecraft:time_since_rest":16565,"minecraft:crouch_one_cm":163,"minecraft:sprint_one_cm":3965,"minecraft:play_time":16565,"minecraft:time_since_death":16565,"minecraft:walk_one_cm":11611,"minecraft:sneak_time":54,"minecraft:total_world_time":16565,"minecraft:mob_kills":1,"minecraft:fall_one_cm":627,"minecraft:fly_one_cm":21042},"minecraft:killed":{"man:managgresive":1},"minecraft:used":{"jeg:custom_smg":10,"dedsafio_by_forzaken:casino":1,"jeg:pump_shotgun":20}},"DataVersion":3465}