{"stats":{"minecraft:dropped":{"jeg:revolver":1,"jeg:pistol_ammo":64},"minecraft:picked_up":{"minecraft:arrow":1,"minecraft:bone":1},"minecraft:custom":{"minecraft:jump":47,"minecraft:time_since_rest":28565,"minecraft:damage_dealt":8,"minecraft:crouch_one_cm":203,"minecraft:sprint_one_cm":5466,"minecraft:play_time":28565,"minecraft:time_since_death":28565,"minecraft:walk_one_cm":13064,"minecraft:sneak_time":133,"minecraft:total_world_time":28565,"minecraft:mob_kills":3,"minecraft:drop":2,"minecraft:fall_one_cm":627,"minecraft:fly_one_cm":25880},"minecraft:killed":{"minecraft:skeleton":1,"minecraft:creeper":1,"man:managgresive":1},"minecraft:used":{"jeg:custom_smg":10,"dedsafio_by_forzaken:casino":1,"jeg:pump_shotgun":24}},"DataVersion":3465}