{"stats":{"minecraft:used":{"minecraft:chiseled_polished_blackstone":336,"minecraft:trident":1,"minecraft:netherite_sword":16,"minecraft:iron_bars":5,"minecraft:snow_block":55,"casinocraft:arcade_base_light_blue":10,"minecraft:polished_blackstone":423,"minecraft:stone_pickaxe":171,"minecraft:oak_planks":1,"minecraft:blackstone":220,"jeg:service_rifle":5,"casinocraft:arcade_base_purple":8,"minecraft:wooden_pickaxe":8,"casinocraft:arcade_slot_blue":10,"minecraft:stone":41,"casinocraft:arcade_slot_red":9,"jeg:pump_shotgun":24,"jeg:infantry_rifle":2,"jeg:assault_rifle":90,"casinocraft:arcade_slot_lime":10,"casinocraft:arcade_base_white":7,"minecraft:polished_blackstone_bricks":432,"minecraft:torch":9,"casinocraft:arcade_base_light_gray":5,"casinocraft:arcade_base_black":8,"minecraft:dirt":79,"jeg:soulhunter_mk2":6,"minecraft:crafting_table":3,"casinocraft:arcade_slot_black":12,"casinocraft:arcade_slot_light_blue":10,"minecraft:blackstone_wall":5,"jeg:custom_smg":10,"casinocraft:arcade_base_orange":12,"jeg:bolt_action_rifle":22,"minecraft:oak_log":4,"casinocraft:arcade_base_yellow":9,"minecraft:grass_block":2069,"casinocraft:arcade_base_blue":10,"casinocraft:arcade_base_lime":8,"casinocraft:arcade_slot_yellow":10,"casinocraft:arcade_slot_magenta":13,"casinocraft:arcade_slot_orange":11,"minecraft:gravel":3,"cataclysm:cursed_bow":2,"casinocraft:arcade_base_pink":9,"casinocraft:arcade_base_magenta":8,"minecraft:stone_axe":110,"casinocraft:arcade_slot_light_gray":11,"minecraft:glowstone":16,"minecraft:red_carpet":286,"minecraft:cobblestone":12,"minecraft:snow":6,"casinocraft:arcade_base_gray":10,"minecraft:furnace":2,"minecraft:cooked_porkchop":3,"casinocraft:arcade_slot_purple":12,"casinocraft:arcade_slot_gray":10,"casinocraft:arcade_base_red":12,"jeg:waterpipe_shotgun":1,"casinocraft:arcade_slot_pink":12},"minecraft:killed":{"minecraft:pig":7,"minecraft:spider":2,"minecraft:creeper":2,"minecraft:horse":3,"minecraft:sheep":1,"minecraft:skeleton":3,"minecraft:pillager":4,"minecraft:zombie":8,"minecraft:chicken":1,"minecraft:cow":1},"minecraft:custom":{"minecraft:interact_with_furnace":11,"minecraft:mob_kills":33,"minecraft:interact_with_crafting_table":4,"minecraft:leave_game":4,"minecraft:time_since_death":203700,"minecraft:time_since_rest":203750,"minecraft:sprint_one_cm":87457,"minecraft:damage_taken":400,"minecraft:walk_one_cm":436077,"minecraft:drop":28,"minecraft:damage_dealt":1771,"minecraft:fly_one_cm":1680196,"minecraft:player_kills":6,"minecraft:crouch_one_cm":24046,"minecraft:play_time":317532,"minecraft:deaths":2,"minecraft:sneak_time":15583,"minecraft:walk_under_water_one_cm":2494,"minecraft:jump":861,"minecraft:walk_on_water_one_cm":1381,"minecraft:total_world_time":317532,"minecraft:fall_one_cm":10313,"minecraft:horse_one_cm":511},"minecraft:mined":{"minecraft:crafting_table":3,"minecraft:grass_block":2,"minecraft:copper_ore":27,"minecraft:furnace":2,"minecraft:iron_ore":2,"minecraft:oak_log":113,"minecraft:coal_ore":104,"minecraft:gravel":3,"minecraft:stone":43,"minecraft:oak_leaves":39},"minecraft:crafted":{"minecraft:oak_planks":16,"minecraft:cooked_porkchop":9,"minecraft:crafting_table":1,"minecraft:wooden_pickaxe":1,"minecraft:furnace":2,"minecraft:stone_axe":1,"minecraft:air":0,"minecraft:stick":16,"minecraft:stone_pickaxe":2,"minecraft:stone_sword":1,"minecraft:torch":32},"minecraft:broken":{"minecraft:stone_pickaxe":1},"minecraft:picked_up":{"minecraft:crafting_table":3,"minecraft:leather":3,"minecraft:flint":1,"minecraft:oak_log":105,"minecraft:gunpowder":2,"minecraft:dirt":3,"minecraft:string":2,"minecraft:white_banner":1,"minecraft:raw_copper":89,"minecraft:bone":3,"minecraft:apple":2,"minecraft:wheat_seeds":57,"minecraft:furnace":2,"minecraft:raw_iron":2,"minecraft:stick":1,"casinocraft:arcade_slot_magenta":1,"minecraft:torch":1,"minecraft:dandelion":6,"minecraft:gravel":3,"minecraft:porkchop":9,"minecraft:polished_blackstone_bricks":2,"minecraft:grass_block":1,"minecraft:arrow":1,"minecraft:rotten_flesh":2,"minecraft:crossbow":1,"minecraft:oak_sapling":16,"minecraft:coal":106,"minecraft:cobblestone":43},"minecraft:dropped":{"minecraft:snow_block":2,"minecraft:gravel":2,"minecraft:wheat_seeds":1,"jeg:rifle_ammo":64,"minecraft:grass_block":5,"casinocraft:arcade_slot_magenta":1,"minecraft:dirt":4,"jeg:revolver":2,"minecraft:stone":3,"minecraft:polished_blackstone_bricks":3,"minecraft:arrow":1,"jeg:pistol_ammo":64,"minecraft:dandelion":3,"minecraft:bone":1}},"DataVersion":3465}