{"stats":{"minecraft:used":{"minecraft:birch_planks":35,"minecraft:stone_pickaxe":29,"minecraft:wooden_pickaxe":51,"minecraft:shield":2,"minecraft:iron_sword":35,"minecraft:dirt":15,"minecraft:crafting_table":3,"minecraft:blast_furnace":1,"minecraft:birch_sapling":1,"minecraft:iron_pickaxe":37,"minecraft:gravel":9,"jeg:scrap_workbench":1,"minecraft:stone_axe":45,"jeg:double_barrel_shotgun":2,"minecraft:cobblestone":44,"minecraft:furnace":2,"minecraft:cooked_porkchop":2,"minecraft:andesite":1,"minecraft:cooked_beef":5},"minecraft:killed_by":{"minecraft:player":3,"minecraft:skeleton":1,"minecraft:zombie":2},"minecraft:dropped":{"minecraft:iron_ingot":2,"minecraft:birch_sapling":4,"minecraft:dirt":2,"minecraft:wooden_axe":2,"minecraft:wooden_pickaxe":2},"minecraft:picked_up":{"minecraft:wooden_axe":1,"minecraft:birch_log":39,"minecraft:crafting_table":4,"minecraft:andesite":1,"minecraft:leather":1,"minecraft:wooden_pickaxe":1,"minecraft:birch_planks":48,"create:raw_zinc":14,"jeg:scrap_workbench":1,"jeg:scrap":27,"minecraft:dirt":26,"jeg:revolver":1,"minecraft:beef":9,"minecraft:stone_pickaxe":1,"minecraft:birch_sapling":5,"jeg:tech_trash":2,"minecraft:furnace":2,"minecraft:raw_iron":8,"minecraft:gravel":9,"minecraft:porkchop":6,"minecraft:blast_furnace":1,"minecraft:rotten_flesh":1,"minecraft:stone_axe":1,"jeg:rifle_ammo":45,"minecraft:mutton":11,"minecraft:coal":45,"minecraft:white_wool":7,"minecraft:cobblestone":82},"minecraft:killed":{"minecraft:pig":3,"minecraft:sheep":7,"minecraft:cow":4},"minecraft:mined":{"jeg:scrap_ore":12,"minecraft:crafting_table":3,"minecraft:blast_furnace":1,"minecraft:grass_block":4,"minecraft:birch_planks":10,"jeg:scrap_workbench":1,"minecraft:furnace":2,"minecraft:birch_log":37,"minecraft:iron_ore":8,"minecraft:andesite":1,"minecraft:birch_leaves":3,"minecraft:grass":1,"minecraft:coal_ore":20,"minecraft:dirt":11,"minecraft:stone":59,"create:zinc_ore":14},"minecraft:crafted":{"minecraft:cooked_beef":9,"minecraft:cooked_porkchop":6,"minecraft:crafting_table":1,"minecraft:wooden_pickaxe":1,"minecraft:iron_sword":1,"minecraft:furnace":1,"minecraft:birch_planks":152,"minecraft:stone_axe":1,"minecraft:air":0,"jeg:scrap_block":1,"minecraft:shield":1,"jeg:scrap_workbench":1,"minecraft:stick":16,"minecraft:iron_ingot":8,"minecraft:iron_pickaxe":1,"minecraft:stone_pickaxe":1,"minecraft:wooden_axe":1},"minecraft:custom":{"minecraft:interact_with_furnace":11,"minecraft:mob_kills":14,"minecraft:interact_with_crafting_table":9,"minecraft:leave_game":3,"minecraft:time_since_death":26304,"minecraft:time_since_rest":26353,"minecraft:sprint_one_cm":101066,"minecraft:damage_taken":3423,"minecraft:walk_one_cm":68816,"minecraft:damage_blocked_by_shield":120,"minecraft:drop":12,"minecraft:damage_dealt":2304,"minecraft:swim_one_cm":3253,"minecraft:fly_one_cm":118688,"minecraft:player_kills":5,"minecraft:crouch_one_cm":6053,"minecraft:play_time":66283,"minecraft:deaths":9,"minecraft:sneak_time":2227,"minecraft:walk_under_water_one_cm":1404,"minecraft:jump":837,"minecraft:interact_with_blast_furnace":4,"minecraft:walk_on_water_one_cm":2407,"minecraft:total_world_time":66283,"minecraft:fall_one_cm":41325}},"DataVersion":3465}