{"stats":{"minecraft:dropped":{"minecraft:dirt":2,"minecraft:wooden_pickaxe":1,"minecraft:wooden_axe":1,"minecraft:birch_sapling":1},"minecraft:picked_up":{"minecraft:birch_log":11,"minecraft:crafting_table":1,"minecraft:birch_sapling":1,"minecraft:dirt":4,"minecraft:cobblestone":30},"minecraft:custom":{"minecraft:time_since_rest":968,"minecraft:play_time":4926,"minecraft:crouch_one_cm":1760,"minecraft:sprint_one_cm":5749,"minecraft:deaths":1,"minecraft:damage_taken":380,"minecraft:walk_one_cm":5788,"minecraft:sneak_time":700,"minecraft:drop":5,"minecraft:jump":26,"minecraft:time_since_death":914,"minecraft:total_world_time":4926,"minecraft:interact_with_crafting_table":2,"minecraft:fall_one_cm":6446,"minecraft:fly_one_cm":1923},"minecraft:crafted":{"minecraft:birch_planks":44,"minecraft:stone_axe":1,"minecraft:crafting_table":1,"minecraft:stick":8,"minecraft:stone_pickaxe":1,"minecraft:wooden_pickaxe":1,"minecraft:wooden_axe":1},"minecraft:mined":{"minecraft:grass_block":2,"minecraft:birch_log":11,"minecraft:stone":30,"minecraft:birch_leaves":3,"minecraft:crafting_table":1},"minecraft:used":{"minecraft:stone_axe":1,"minecraft:dirt":2,"minecraft:crafting_table":1,"minecraft:wooden_pickaxe":30}},"DataVersion":3465}