{"stats":{"minecraft:picked_up":{"minecraft:wither_rose":1},"minecraft:custom":{"minecraft:jump":26,"minecraft:time_since_rest":508,"minecraft:damage_dealt":4,"minecraft:deaths":1,"minecraft:sprint_one_cm":3270,"minecraft:play_time":1285,"minecraft:damage_taken":330,"minecraft:time_since_death":406,"minecraft:walk_one_cm":3317,"minecraft:sneak_time":40,"minecraft:total_world_time":1285,"minecraft:fall_one_cm":1773,"minecraft:fly_one_cm":2544},"minecraft:killed_by":{"apollyon:the_damned":1}},"DataVersion":3465}