{"stats":{"minecraft:used":{"minecraft:birch_planks":7,"minecraft:stone_pickaxe":16,"minecraft:oak_planks":4,"minecraft:wooden_pickaxe":30,"minecraft:iron_sword":4,"minecraft:rotten_flesh":1,"minecraft:dirt":1,"minecraft:crafting_table":3,"minecraft:wooden_axe":31,"minecraft:wooden_sword":34,"minecraft:cobblestone":9,"minecraft:furnace":1,"jeg:revolver":18,"minecraft:wither_rose":1},"minecraft:killed_by":{"minecraft:player":6,"minecraft:skeleton":9,"minecraft:creeper":2,"minecraft:zombie":2,"minecraft:enderman":1},"minecraft:dropped":{"minecraft:birch_planks":1,"minecraft:birch_sapling":4,"minecraft:rotten_flesh":1,"jeg:rifle_ammo":64,"jeg:revolver":3,"minecraft:spider_eye":1},"minecraft:picked_up":{"minecraft:birch_log":7,"minecraft:crafting_table":3,"minecraft:chicken":1,"minecraft:leather":3,"minecraft:birch_planks":4,"minecraft:wither_rose":2,"minecraft:oak_log":2,"minecraft:gunpowder":1,"minecraft:dirt":6,"minecraft:string":2,"minecraft:bone":5,"jeg:revolver":4,"minecraft:wheat_seeds":1,"minecraft:beef":3,"minecraft:birch_sapling":4,"minecraft:furnace":1,"minecraft:stick":1,"minecraft:raw_iron":5,"jeg:pistol_ammo":64,"minecraft:spider_eye":1,"minecraft:arrow":6,"minecraft:rotten_flesh":8,"jeg:rifle_ammo":64,"minecraft:coal":14,"minecraft:cobblestone":25},"minecraft:killed":{"minecraft:spider":2,"minecraft:creeper":1,"minecraft:skeleton":1,"minecraft:zombie":2,"minecraft:chicken":1,"minecraft:cow":1},"minecraft:mined":{"minecraft:powder_snow":4,"minecraft:crafting_table":3,"minecraft:grass_block":3,"minecraft:cobblestone":9,"minecraft:birch_planks":7,"minecraft:furnace":1,"minecraft:birch_log":7,"minecraft:iron_ore":5,"minecraft:birch_leaves":2,"minecraft:wither_rose":1,"minecraft:grass":15,"minecraft:coal_ore":9,"minecraft:oak_log":1,"minecraft:dirt":1,"minecraft:stone":13,"minecraft:oak_leaves":2},"minecraft:crafted":{"minecraft:wooden_sword":1,"minecraft:oak_planks":4,"minecraft:crafting_table":1,"minecraft:wooden_pickaxe":1,"minecraft:iron_sword":1,"minecraft:furnace":1,"minecraft:birch_planks":28,"minecraft:air":0,"minecraft:shield":1,"minecraft:stick":12,"minecraft:iron_ingot":5,"minecraft:stone_pickaxe":1,"minecraft:wooden_axe":1,"minecraft:torch":12},"minecraft:custom":{"minecraft:interact_with_furnace":3,"minecraft:mob_kills":9,"minecraft:interact_with_crafting_table":6,"minecraft:leave_game":2,"minecraft:time_since_death":128,"minecraft:time_since_rest":168,"minecraft:sprint_one_cm":158274,"minecraft:damage_taken":7890,"minecraft:walk_one_cm":183372,"minecraft:drop":74,"minecraft:damage_dealt":2617,"minecraft:swim_one_cm":620,"minecraft:fly_one_cm":132333,"minecraft:player_kills":4,"minecraft:crouch_one_cm":6742,"minecraft:play_time":57523,"minecraft:deaths":26,"minecraft:sneak_time":2482,"minecraft:walk_under_water_one_cm":416,"minecraft:jump":1381,"minecraft:walk_on_water_one_cm":1476,"minecraft:total_world_time":57523,"minecraft:fall_one_cm":53388,"minecraft:horse_one_cm":555}},"DataVersion":3465}