{"stats":{"minecraft:dropped":{"jeg:revolver":1},"minecraft:picked_up":{"minecraft:bone":1,"minecraft:arrow":2,"minecraft:rotten_flesh":7,"jeg:revolver":2,"jeg:pistol_ammo":64,"minecraft:wheat_seeds":1,"minecraft:wither_rose":2,"minecraft:oak_log":2,"minecraft:gunpowder":1},"minecraft:custom":{"minecraft:time_since_rest":5806,"minecraft:crouch_one_cm":2058,"minecraft:walk_one_cm":59743,"minecraft:play_time":13285,"minecraft:sprint_one_cm":57438,"minecraft:damage_taken":2450,"minecraft:deaths":8,"minecraft:sneak_time":762,"minecraft:mob_kills":1,"minecraft:drop":1,"minecraft:jump":356,"minecraft:damage_dealt":361,"minecraft:time_since_death":5780,"minecraft:total_world_time":13285,"minecraft:fall_one_cm":15780,"minecraft:fly_one_cm":36491},"minecraft:crafted":{"minecraft:oak_planks":4},"minecraft:mined":{"minecraft:grass":4,"minecraft:oak_log":1,"minecraft:oak_leaves":2,"minecraft:wither_rose":1},"minecraft:killed_by":{"minecraft:skeleton":4,"minecraft:creeper":1,"apollyon:the_damned":1,"minecraft:zombie":1},"minecraft:killed":{"minecraft:creeper":1},"minecraft:used":{"minecraft:rotten_flesh":1,"jeg:revolver":8,"minecraft:oak_planks":4,"minecraft:wither_rose":1}},"DataVersion":3465}