{"stats":{"minecraft:used":{"jeg:double_barrel_shotgun":2,"jeg:assault_rifle":48},"minecraft:killed_by":{"minecraft:player":6,"minecraft:creeper":1},"minecraft:picked_up":{"minecraft:iron_ingot":2},"minecraft:custom":{"minecraft:jump":99,"minecraft:leave_game":1,"minecraft:time_since_rest":62,"minecraft:walk_on_water_one_cm":139,"minecraft:damage_dealt":10,"minecraft:deaths":8,"minecraft:sprint_one_cm":16624,"minecraft:play_time":11785,"minecraft:damage_taken":2532,"minecraft:time_since_death":0,"minecraft:walk_one_cm":30852,"minecraft:total_world_time":11785,"minecraft:walk_under_water_one_cm":3344,"minecraft:swim_one_cm":9422,"minecraft:fall_one_cm":12750,"minecraft:fly_one_cm":16360}},"DataVersion":3465}